Galaxy,Delta_BIC,Selected_Model
NGC6503,-44.63593199537638,DarkMatter
NGC3198,-27.02825378564144,DarkMatter
NGC2403,-135.33946684795887,DarkMatter
NGC2841,23.188168172000033,ISUT
NGC2903,-90.54147797292677,DarkMatter
NGC3521,-4.681695343328563,DarkMatter
NGC5055,-41.024061166551085,DarkMatter
NGC7331,3.015052552937121,ISUT
NGC6946,6.467465930048618,ISUT
NGC7793,3.760331339332282,ISUT
UGC02885,0.15227870213425732,ISUT
