Galaxy,Delta_BIC,Selected_Model
NGC6503,-45.462593368969124,DarkMatter
NGC3198,-336.21324341632373,DarkMatter
NGC2403,-513.500909573291,DarkMatter
NGC2841,-6.148100979650579,DarkMatter
NGC2903,-290.5127150129392,DarkMatter
NGC3521,-0.23956402143623023,DarkMatter
NGC5055,-345.3655258350742,DarkMatter
NGC7331,2.6438388224217633,ISUT
NGC6946,-9.143064979906626,DarkMatter
NGC7793,9.647255453210917,ISUT
UGC02885,5.691881552018021,ISUT
