Galaxy,Delta_BIC,Selected_Model
NGC6503,-45.53296385301282,DarkMatter
NGC3198,-32.63711816884454,DarkMatter
NGC2403,-146.58325243960587,DarkMatter
NGC2841,21.044905353929053,ISUT
NGC2903,-106.72004986556476,DarkMatter
NGC3521,-5.890142257310821,DarkMatter
NGC5055,-49.2710190838956,DarkMatter
NGC7331,2.20905229073945,ISUT
NGC6946,3.0291590303661877,ISUT
NGC7793,2.9071596087915808,ISUT
UGC02885,0.031524949835851857,ISUT
