{
  "timestamp": "2026-01-26 08:25:11",
  "mode": "spectral(periodic)",
  "args": {
    "N": 96,
    "L": 200.0,
    "pad": 1,
    "G": 1.0,
    "a0": 0.12,
    "nu": "nu_standard",
    "M": 1000.0,
    "Rd": 3.0,
    "zd": 0.4,
    "margin": 4
  },
  "curl_stats": {
    "rms": 1.7228790747282036e-16,
    "linf": 6.0096079472250396e-15,
    "median": 8.352313304481903e-17,
    "p95": 3.0250020236925227e-16
  },
  "a_stats": {
    "rms": 0.5268380544720096,
    "linf": 54.845458075011756,
    "median": 0.09455346665376407,
    "p95": 0.4689333697316799
  },
  "ratio_stats": {
    "rms": 3.095660110691524e-10,
    "linf": 2.1836441735468857e-07,
    "median": 7.868392341925457e-16,
    "p95": 2.843116225335456e-15
  },
  "outputs": {
    "csv": "data\\data_curl_free_summary.csv",
    "fig": "figures\\fig_curl_ratio_hist.png"
  },
  "notes": {
    "interpretation": "For a conservative potential-derived acceleration, curl(a) should be ~0 (up to numerical error)."
  }
}